<zimlet name="ca_uoguelph_ccs_archive" version="2.0.3" label="Archive" description="Archives emails in the inbox by date.">
  <include>ca_uoguelph_ccs_archive.js</include>
  <include>de_dieploegers_shortcutHandler.js</include>
  <includeCSS>ca_uoguelph_ccs_archive.css</includeCSS>
  <handlerObject>ca_uoguelph_ccs_archiveHandlerObject</handlerObject>
  <userProperties>
    <property type="string" name="archive_mainFolderId" value="" />
    <property type="string" name="archive_by_preference" value="y" />
    <property type="string" name="archive_auto_enabled" value="false" />
    <property type="string" name="archive_auto_last_run" value="" />
    <property type="string" name="archive_auto_settings" value="" />
  </userProperties>
</zimlet>
